respondent,date,Which app do you mainly use to look back at old photos?,Roughly how many photos and videos do you have?,How often do you go looking for a photo more than a year old?,"When you go looking for an old photo, what do you usually do first?",Has this happened to you in the last year?,What were you trying to find?,What kind of photo was it?,What did you still remember? Tick all that apply.,What had you forgotten? Tick all that apply.,What exactly did you type into search?,How many times did you search?,"When you search your photos, what language do you use?",Were you using the AI answer or the normal search?,What actually went wrong? Pick the closest one.,"When a result looked close, what would have helped you check it? Tick all that apply.",What did you do next? Tick all that apply.,Did you find it in the end?,Roughly how long did you spend before you found it or gave up?,Did this cause you any actual trouble?,Have you heard of Ask Photos?,"If you have not used it, what has kept you from trying Ask Photos?","If you have used it, how did Ask Photos work for you?",What was the biggest problem with Ask Photos?,What would Ask Photos need to do better for memories that are hard to describe?,Anything else about finding old photos we did not ask?
S01,2026-09-23,Google Photos,"1,000–5,000",A few times a month,Scroll back through the timeline by date,"Yes, but I do not remember when",,"A photo of medicine, a prescription or a label","What is in the picture — an object, food, a pet",When it was taken;Which album or folder it is in;The exact words to search for,Medicine,,English,The AI one that answers in sentences,"Nothing came up, and I had no idea what to change",Nothing else would have helped,"Scrolled back through the timeline to about the right date;Scrolled through everything;Looked in WhatsApp, Drive, email or another app;Asked someone else who might have it","Yes, fairly quickly",5–15 minutes,"Yes — I had to ask someone, or get the document again","No, I had not heard of it",I did not know about it,,,,
S02,2026-09-26,Google Photos,"5,000–20,000",A few times a year,Scroll back through the timeline by date,Yes,,"An ordinary photo — people, places, food, a pet","Roughly when it was — ""last summer"", ""about two years ago"";Where it was, and the name of the place",When it was taken;Who was in it,,,"A mix of Hindi and English, in English letters",The normal keyword search,"The results looked reasonable, but mine was not there","Where it was taken, or which trip it was from","Dug through albums or folders;Looked in WhatsApp, Drive, email or another app","Yes, but it took a long time",More than 15 minutes,"No, just annoying","Yes, but I have not used it",I did not know about it,,,Help me describe what I remember,
S03,2026-09-26,Google Photos,"5,000–20,000",A few times a month,Type something into the search bar,Yes,,"An ordinary photo — people, places, food, a pet","Roughly when it was — ""last summer"", ""about two years ago"";What was going on — a trip, a festival, being ill;What is in the picture — an object, food, a pet",When it was taken;The exact words to search for,gym,2 or 3 times,English,The normal keyword search,Too many similar results to pick mine out,"Photos taken just before or after it;The date, or a rough date range",Scrolled back through the timeline to about the right date,"I found the right trip or event, but not the exact photo",5–15 minutes,"No, just annoying","Yes, but I have not used it",The normal search is enough for me,,,Show photos taken just before and after,
S04,2026-09-27,Google Photos,"5,000–20,000",A few times a year,Type something into the search bar,Yes,,"An ordinary photo — people, places, food, a pet","Roughly when it was — ""last summer"", ""about two years ago"";What was going on — a trip, a festival, being ill;Who was with me",When it was taken;Which album or folder it is in,"wedding, pichle saal diwali",2 or 3 times,"A mix of Hindi and English, in English letters",The normal keyword search,"I typed something, but got nothing back, or the wrong things","Where it was taken, or which trip it was from;Who else was in the nearby photos",Scrolled back through the timeline to about the right date;Asked someone else who might have it,"I found the right trip or event, but not the exact photo",5–15 minutes,"No, just annoying","No, I had not heard of it",I did not know about it,,,Show photos from the same trip or event,
S05,2026-09-27,Google Photos,"1,000–5,000",A few times a month,Scroll back through the timeline by date,Yes,Udaipur trip photos,"An ordinary photo — people, places, food, a pet","Roughly when it was — ""last summer"", ""about two years ago"";Who was with me",The exact words to search for,,2 or 3 times,English,The AI one that answers in sentences,Too many similar results to pick mine out,"Where it was taken, or which trip it was from;Any words or text in the image",Scrolled back through the timeline to about the right date;Asked someone else who might have it,"I found something similar, but was not sure it was right",5–15 minutes,"No, just annoying","Yes, but I have not used it",,"It showed related photos, but not the one I wanted",I could not tell why it showed those results,Show photos from the same trip or event;Show photos taken just before and after,
S06,2026-09-27,Google Photos,"More than 20,000",A few times a month,Type something into the search bar,Yes,,"A photo of a document, receipt or bill","What is in the picture — an object, food, a pet;Words written inside the photo — a sign or a label",When it was taken;The exact words to search for,"medicine, bill",4 or more,English,The normal keyword search,"The results looked reasonable, but mine was not there","The date, or a rough date range;Any words or text in the image","Looked in WhatsApp, Drive, email or another app;Took the photo or got the document again","No, I never found it",More than 15 minutes,"Yes — I had to ask someone, or get the document again","Yes, but I have not used it",I do not know what to ask it,,,Work better with screenshots and documents,
S07,2026-09-27,Google Photos,"5,000–20,000",A few times a month,Type something into the search bar,Yes,,"An ordinary photo — people, places, food, a pet","Where it was, and the name of the place;Who was with me;What is in the picture — an object, food, a pet",The exact words to search for,a full sentence,2 or 3 times,English,I tried both,"The results looked reasonable, but mine was not there",A short reason why it came up,Switched to the normal search,"I found something similar, but was not sure it was right",5–15 minutes,"No, just annoying","Yes, and I have used it",,"It showed related photos, but not the one I wanted",I could not tell why it showed those results,Explain why a photo came up;Help me carry on after a wrong result,
S08,2026-09-27,Apple Photos / iCloud Photos,"5,000–20,000",A few times a month,Scroll back through the timeline by date,"Yes, but I do not remember when",,"An ordinary photo — people, places, food, a pet","Roughly when it was — ""last summer"", ""about two years ago"";What was going on — a trip, a festival, being ill",What the file was called,,Once,English,The normal keyword search,I did not know what to type,"Photos taken just before or after it;The date, or a rough date range;Where it was taken, or which trip it was from",Scrolled back through the timeline to about the right date,"Yes, fairly quickly",1–5 minutes,"No, just annoying","Yes, but I have not used it",The normal search is enough for me,,,,
S09,2026-09-28,Google Photos,"5,000–20,000",A few times a year,Scroll back through the timeline by date,"Yes, but I do not remember when",A clock on the wall,Something else,"A colour, or roughly what it looked like",When it was taken;Where it was taken,,2 or 3 times,English,The normal keyword search,"I typed something, but got nothing back, or the wrong things","Photos taken just before or after it;The date, or a rough date range",Scrolled back through the timeline to about the right date;Scrolled through everything,"Yes, but it took a long time",1–5 minutes,"No, just annoying","No, I had not heard of it",I cannot get it where I am,I do not remember,I did not have a problem,It already works well for me,
S10,2026-09-29,Google Photos,"More than 20,000",A few times a month,Scroll back through the timeline by date,Yes,Photos of my garden,"An ordinary photo — people, places, food, a pet","Roughly when it was — ""last summer"", ""about two years ago"";Where it was, and the name of the place;What is in the picture — an object, food, a pet;A colour, or roughly what it looked like",When it was taken,Photos of flower in my garden,Did not search,I do not type — I scroll instead,I do not know which one it was,I did not know what to type,"Photos taken just before or after it;The date, or a rough date range","Scrolled back through the timeline to about the right date;Looked in WhatsApp, Drive, email or another app","I found the right trip or event, but not the exact photo",More than 15 minutes,"No, just annoying","No, I had not heard of it",I did not know about it,,,,
S11,2026-09-29,Google Photos,"5,000–20,000",A few times a month,Type something into the search bar,Yes,,"An ordinary photo — people, places, food, a pet","Where it was, and the name of the place;Who was with me;What is in the picture — an object, food, a pet",The exact words to search for,Do not remember,2 or 3 times,English,I tried both,"The results looked reasonable, but mine was not there",A short reason why it came up,Switched to the normal search,"I found something similar, but was not sure it was right",5–15 minutes,"No, just annoying","Yes, and I have used it",,"It showed related photos, but not the one I wanted",I could not tell why it showed those results,Explain why a photo came up;Help me carry on after a wrong result,
S12,2026-09-29,Google Photos,"1,000–5,000",A few times a year,Open an album or a folder,"Yes, but I do not remember when",Vacation photos from last year,"An ordinary photo — people, places, food, a pet","Roughly when it was — ""last summer"", ""about two years ago"";What was going on — a trip, a festival, being ill",Who was in it,,Did not search,I do not type — I scroll instead,I do not know which one it was,I did not know what to type,"Photos taken just before or after it;Where it was taken, or which trip it was from",Scrolled back through the timeline to about the right date;Scrolled through everything;Dug through albums or folders,"I found the right trip or event, but not the exact photo",5–15 minutes,"No, just annoying","No, I had not heard of it",I did not know about it;I do not know what to ask it,,,,
S13,2026-09-30,"Both, about equally","1,000–5,000",A few times a year,Scroll back through the timeline by date,"Yes, but I do not remember when",An outing picture from goa,"An ordinary photo — people, places, food, a pet","Roughly when it was — ""last summer"", ""about two years ago"";Where it was, but not what the place is called;Who was with me",Which album or folder it is in;The exact words to search for;What the file was called,,2 or 3 times,I do not type — I scroll instead,The normal keyword search,"The results looked reasonable, but mine was not there","Where it was taken, or which trip it was from;Who else was in the nearby photos",Scrolled back through the timeline to about the right date;Scrolled through everything;Dug through albums or folders;Asked someone else who might have it,I stopped looking,"I came back to it more than once, across days","No, just annoying","No, I had not heard of it",I did not know about it,,,,
S14,2026-09-30,"Something else (Samsung Gallery, OneDrive, Amazon Photos…)","1,000–5,000",A few times a year,Scroll back through the timeline by date,"Yes, but I do not remember when",Father's medical report,"A photo of a document, receipt or bill",Words written inside the photo — a sign or a label,When it was taken;Where it was taken;Which album or folder it is in;The exact words to search for,,2 or 3 times,English,The normal keyword search,I gave up before getting that far,,"Scrolled through everything;Looked in WhatsApp, Drive, email or another app","Yes, but it took a long time",1–5 minutes,"Yes — I had to ask someone, or get the document again","Yes, and I have used it",,"It showed related photos, but not the one I wanted",I could not tell why it showed those results,,
S15,2026-09-30,Google Photos,"More than 20,000",A few times a month,Scroll back through the timeline by date,Yes,I was trying to search for a photo for my LinkedIn,"An ordinary photo — people, places, food, a pet","Where it was, and the name of the place;Who was with me;What is in the picture — an object, food, a pet;A colour, or roughly what it looked like",When it was taken;The exact words to search for,Location and people,2 or 3 times,English,The normal keyword search,"I typed something, but got nothing back, or the wrong things","Where it was taken, or which trip it was from;Who else was in the nearby photos",Took the photo or got the document again,"Yes, fairly quickly","I came back to it more than once, across days","No, just annoying","No, I had not heard of it",I do not know what to ask it;The normal search is enough for me;I would rather browse myself,I do not remember,I did not have a problem,It already works well for me,
